<?xml version="1.0" encoding="UTF-8"?>

<ImplementationGuide xmlns="http://hl7.org/fhir">
  <id value="konglab.fhir.vbai.genomics"/>
  <text>
    <status value="extensions"/><div xmlns="http://www.w3.org/1999/xhtml">Placeholder</div>
  </text>
  <url value="https://voicecollab.ai/fhir/genomics/ImplementationGuide/konglab.fhir.vbai.genomics"/>
  <version value="0.1.0"/>
  <name value="VoiceBiomarkerforAIgenomics"/>
  <status value="draft"/>
  <date value="2023-08-29T12:49:28+00:00"/>
  <publisher value="Kong Lab"/>
  <contact>
    <name value="Kong Lab"/>
    <telecom>
      <system value="url"/>
      <value value="http://example.org/example-publisher"/>
    </telecom>
  </contact>
  <description value="Implementation Guide for Voice Biomarker for AI FHIR Genomics Profiles"/>
  <packageId value="konglab.fhir.vbai.genomics"/>
  <license value="CC0-1.0"/>
  <fhirVersion value="4.0.1"/>
  <dependsOn id="hl7tx">
    <extension url="http://hl7.org/fhir/tools/StructureDefinition/implementationguide-dependency-comment">
      <valueMarkdown value="Automatically added as a dependency - all IGs depend on HL7 Terminology"/>
    </extension>
    <uri value="http://terminology.hl7.org/ImplementationGuide/hl7.terminology"/>
    <packageId value="hl7.terminology.r4"/>
    <version value="5.0.0"/>
  </dependsOn>
  <dependsOn id="hl7ext">
    <extension url="http://hl7.org/fhir/tools/StructureDefinition/implementationguide-dependency-comment">
      <valueMarkdown value="Automatically added as a dependency - all IGs depend on the HL7 Extension Pack"/>
    </extension>
    <uri value="http://hl7.org/fhir/extensions/ImplementationGuide/hl7.fhir.uv.extensions"/>
    <packageId value="hl7.fhir.uv.extensions.r4"/>
    <version value="1.0.0"/>
  </dependsOn>
  <dependsOn id="hl7_fhir_us_core">
    <uri value="http://hl7.org/fhir/us/core/ImplementationGuide/hl7.fhir.us.core"/>
    <packageId value="hl7.fhir.us.core"/>
    <version value="5.0.1"/>
  </dependsOn>
  <dependsOn id="hl7_fhir_uv_genomics_reporting">
    <uri value="http://hl7.org/fhir/uv/genomics-reporting/ImplementationGuide/hl7.fhir.uv.genomics-reporting"/>
    <packageId value="hl7.fhir.uv.genomics-reporting"/>
    <version value="2.0.0"/>
  </dependsOn>
  <definition>
    <extension url="http://hl7.org/fhir/tools/StructureDefinition/ig-parameter">
      <extension url="code">
        <valueString value="copyrightyear"/>
      </extension>
      <extension url="value">
        <valueString value="2023+"/>
      </extension>
    </extension>
    <extension url="http://hl7.org/fhir/tools/StructureDefinition/ig-parameter">
      <extension url="code">
        <valueString value="releaselabel"/>
      </extension>
      <extension url="value">
        <valueString value="ci-build"/>
      </extension>
    </extension>
    <extension url="http://hl7.org/fhir/tools/StructureDefinition/ig-parameter">
      <extension url="code">
        <valueString value="autoload-resources"/>
      </extension>
      <extension url="value">
        <valueString value="true"/>
      </extension>
    </extension>
    <extension url="http://hl7.org/fhir/tools/StructureDefinition/ig-parameter">
      <extension url="code">
        <valueString value="path-liquid"/>
      </extension>
      <extension url="value">
        <valueString value="template/liquid"/>
      </extension>
    </extension>
    <extension url="http://hl7.org/fhir/tools/StructureDefinition/ig-parameter">
      <extension url="code">
        <valueString value="path-liquid"/>
      </extension>
      <extension url="value">
        <valueString value="input/liquid"/>
      </extension>
    </extension>
    <extension url="http://hl7.org/fhir/tools/StructureDefinition/ig-parameter">
      <extension url="code">
        <valueString value="path-qa"/>
      </extension>
      <extension url="value">
        <valueString value="temp/qa"/>
      </extension>
    </extension>
    <extension url="http://hl7.org/fhir/tools/StructureDefinition/ig-parameter">
      <extension url="code">
        <valueString value="path-temp"/>
      </extension>
      <extension url="value">
        <valueString value="temp/pages"/>
      </extension>
    </extension>
    <extension url="http://hl7.org/fhir/tools/StructureDefinition/ig-parameter">
      <extension url="code">
        <valueString value="path-output"/>
      </extension>
      <extension url="value">
        <valueString value="output"/>
      </extension>
    </extension>
    <extension url="http://hl7.org/fhir/tools/StructureDefinition/ig-parameter">
      <extension url="code">
        <valueString value="path-suppressed-warnings"/>
      </extension>
      <extension url="value">
        <valueString value="input/ignoreWarnings.txt"/>
      </extension>
    </extension>
    <extension url="http://hl7.org/fhir/tools/StructureDefinition/ig-parameter">
      <extension url="code">
        <valueString value="path-history"/>
      </extension>
      <extension url="value">
        <valueString value="https://voicecollab.ai/fhir/genomics/history.html"/>
      </extension>
    </extension>
    <extension url="http://hl7.org/fhir/tools/StructureDefinition/ig-parameter">
      <extension url="code">
        <valueString value="template-html"/>
      </extension>
      <extension url="value">
        <valueString value="template-page.html"/>
      </extension>
    </extension>
    <extension url="http://hl7.org/fhir/tools/StructureDefinition/ig-parameter">
      <extension url="code">
        <valueString value="template-md"/>
      </extension>
      <extension url="value">
        <valueString value="template-page-md.html"/>
      </extension>
    </extension>
    <extension url="http://hl7.org/fhir/tools/StructureDefinition/ig-parameter">
      <extension url="code">
        <valueString value="apply-contact"/>
      </extension>
      <extension url="value">
        <valueString value="true"/>
      </extension>
    </extension>
    <extension url="http://hl7.org/fhir/tools/StructureDefinition/ig-parameter">
      <extension url="code">
        <valueString value="apply-context"/>
      </extension>
      <extension url="value">
        <valueString value="true"/>
      </extension>
    </extension>
    <extension url="http://hl7.org/fhir/tools/StructureDefinition/ig-parameter">
      <extension url="code">
        <valueString value="apply-copyright"/>
      </extension>
      <extension url="value">
        <valueString value="true"/>
      </extension>
    </extension>
    <extension url="http://hl7.org/fhir/tools/StructureDefinition/ig-parameter">
      <extension url="code">
        <valueString value="apply-jurisdiction"/>
      </extension>
      <extension url="value">
        <valueString value="true"/>
      </extension>
    </extension>
    <extension url="http://hl7.org/fhir/tools/StructureDefinition/ig-parameter">
      <extension url="code">
        <valueString value="apply-license"/>
      </extension>
      <extension url="value">
        <valueString value="true"/>
      </extension>
    </extension>
    <extension url="http://hl7.org/fhir/tools/StructureDefinition/ig-parameter">
      <extension url="code">
        <valueString value="apply-publisher"/>
      </extension>
      <extension url="value">
        <valueString value="true"/>
      </extension>
    </extension>
    <extension url="http://hl7.org/fhir/tools/StructureDefinition/ig-parameter">
      <extension url="code">
        <valueString value="apply-version"/>
      </extension>
      <extension url="value">
        <valueString value="true"/>
      </extension>
    </extension>
    <extension url="http://hl7.org/fhir/tools/StructureDefinition/ig-parameter">
      <extension url="code">
        <valueString value="active-tables"/>
      </extension>
      <extension url="value">
        <valueString value="true"/>
      </extension>
    </extension>
    <extension url="http://hl7.org/fhir/tools/StructureDefinition/ig-parameter">
      <extension url="code">
        <valueString value="fmm-definition"/>
      </extension>
      <extension url="value">
        <valueString value="http://hl7.org/fhir/versions.html#maturity"/>
      </extension>
    </extension>
    <extension url="http://hl7.org/fhir/tools/StructureDefinition/ig-parameter">
      <extension url="code">
        <valueString value="propagate-status"/>
      </extension>
      <extension url="value">
        <valueString value="true"/>
      </extension>
    </extension>
    <extension url="http://hl7.org/fhir/tools/StructureDefinition/ig-parameter">
      <extension url="code">
        <valueString value="excludelogbinaryformat"/>
      </extension>
      <extension url="value">
        <valueString value="true"/>
      </extension>
    </extension>
    <extension url="http://hl7.org/fhir/tools/StructureDefinition/ig-parameter">
      <extension url="code">
        <valueString value="tabbed-snapshots"/>
      </extension>
      <extension url="value">
        <valueString value="true"/>
      </extension>
    </extension>
    <extension url="http://hl7.org/fhir/tools/StructureDefinition/ig-internal-dependency">
      <valueCode value="hl7.fhir.uv.tools#current"/>
    </extension>
    <extension url="http://hl7.org/fhir/tools/StructureDefinition/ig-parameter">
      <extension url="code">
        <valueCode value="copyrightyear"/>
      </extension>
      <extension url="value">
        <valueString value="2023+"/>
      </extension>
    </extension>
    <extension url="http://hl7.org/fhir/tools/StructureDefinition/ig-parameter">
      <extension url="code">
        <valueCode value="releaselabel"/>
      </extension>
      <extension url="value">
        <valueString value="ci-build"/>
      </extension>
    </extension>
    <extension url="http://hl7.org/fhir/tools/StructureDefinition/ig-parameter">
      <extension url="code">
        <valueCode value="autoload-resources"/>
      </extension>
      <extension url="value">
        <valueString value="true"/>
      </extension>
    </extension>
    <extension url="http://hl7.org/fhir/tools/StructureDefinition/ig-parameter">
      <extension url="code">
        <valueCode value="path-liquid"/>
      </extension>
      <extension url="value">
        <valueString value="template/liquid"/>
      </extension>
    </extension>
    <extension url="http://hl7.org/fhir/tools/StructureDefinition/ig-parameter">
      <extension url="code">
        <valueCode value="path-liquid"/>
      </extension>
      <extension url="value">
        <valueString value="input/liquid"/>
      </extension>
    </extension>
    <extension url="http://hl7.org/fhir/tools/StructureDefinition/ig-parameter">
      <extension url="code">
        <valueCode value="path-qa"/>
      </extension>
      <extension url="value">
        <valueString value="temp/qa"/>
      </extension>
    </extension>
    <extension url="http://hl7.org/fhir/tools/StructureDefinition/ig-parameter">
      <extension url="code">
        <valueCode value="path-temp"/>
      </extension>
      <extension url="value">
        <valueString value="temp/pages"/>
      </extension>
    </extension>
    <extension url="http://hl7.org/fhir/tools/StructureDefinition/ig-parameter">
      <extension url="code">
        <valueCode value="path-output"/>
      </extension>
      <extension url="value">
        <valueString value="output"/>
      </extension>
    </extension>
    <extension url="http://hl7.org/fhir/tools/StructureDefinition/ig-parameter">
      <extension url="code">
        <valueCode value="path-suppressed-warnings"/>
      </extension>
      <extension url="value">
        <valueString value="input/ignoreWarnings.txt"/>
      </extension>
    </extension>
    <extension url="http://hl7.org/fhir/tools/StructureDefinition/ig-parameter">
      <extension url="code">
        <valueCode value="path-history"/>
      </extension>
      <extension url="value">
        <valueString value="https://voicecollab.ai/fhir/genomics/history.html"/>
      </extension>
    </extension>
    <extension url="http://hl7.org/fhir/tools/StructureDefinition/ig-parameter">
      <extension url="code">
        <valueCode value="template-html"/>
      </extension>
      <extension url="value">
        <valueString value="template-page.html"/>
      </extension>
    </extension>
    <extension url="http://hl7.org/fhir/tools/StructureDefinition/ig-parameter">
      <extension url="code">
        <valueCode value="template-md"/>
      </extension>
      <extension url="value">
        <valueString value="template-page-md.html"/>
      </extension>
    </extension>
    <extension url="http://hl7.org/fhir/tools/StructureDefinition/ig-parameter">
      <extension url="code">
        <valueCode value="apply-contact"/>
      </extension>
      <extension url="value">
        <valueString value="true"/>
      </extension>
    </extension>
    <extension url="http://hl7.org/fhir/tools/StructureDefinition/ig-parameter">
      <extension url="code">
        <valueCode value="apply-context"/>
      </extension>
      <extension url="value">
        <valueString value="true"/>
      </extension>
    </extension>
    <extension url="http://hl7.org/fhir/tools/StructureDefinition/ig-parameter">
      <extension url="code">
        <valueCode value="apply-copyright"/>
      </extension>
      <extension url="value">
        <valueString value="true"/>
      </extension>
    </extension>
    <extension url="http://hl7.org/fhir/tools/StructureDefinition/ig-parameter">
      <extension url="code">
        <valueCode value="apply-jurisdiction"/>
      </extension>
      <extension url="value">
        <valueString value="true"/>
      </extension>
    </extension>
    <extension url="http://hl7.org/fhir/tools/StructureDefinition/ig-parameter">
      <extension url="code">
        <valueCode value="apply-license"/>
      </extension>
      <extension url="value">
        <valueString value="true"/>
      </extension>
    </extension>
    <extension url="http://hl7.org/fhir/tools/StructureDefinition/ig-parameter">
      <extension url="code">
        <valueCode value="apply-publisher"/>
      </extension>
      <extension url="value">
        <valueString value="true"/>
      </extension>
    </extension>
    <extension url="http://hl7.org/fhir/tools/StructureDefinition/ig-parameter">
      <extension url="code">
        <valueCode value="apply-version"/>
      </extension>
      <extension url="value">
        <valueString value="true"/>
      </extension>
    </extension>
    <extension url="http://hl7.org/fhir/tools/StructureDefinition/ig-parameter">
      <extension url="code">
        <valueCode value="active-tables"/>
      </extension>
      <extension url="value">
        <valueString value="true"/>
      </extension>
    </extension>
    <extension url="http://hl7.org/fhir/tools/StructureDefinition/ig-parameter">
      <extension url="code">
        <valueCode value="fmm-definition"/>
      </extension>
      <extension url="value">
        <valueString value="http://hl7.org/fhir/versions.html#maturity"/>
      </extension>
    </extension>
    <extension url="http://hl7.org/fhir/tools/StructureDefinition/ig-parameter">
      <extension url="code">
        <valueCode value="propagate-status"/>
      </extension>
      <extension url="value">
        <valueString value="true"/>
      </extension>
    </extension>
    <extension url="http://hl7.org/fhir/tools/StructureDefinition/ig-parameter">
      <extension url="code">
        <valueCode value="excludelogbinaryformat"/>
      </extension>
      <extension url="value">
        <valueString value="true"/>
      </extension>
    </extension>
    <extension url="http://hl7.org/fhir/tools/StructureDefinition/ig-parameter">
      <extension url="code">
        <valueCode value="tabbed-snapshots"/>
      </extension>
      <extension url="value">
        <valueString value="true"/>
      </extension>
    </extension>
    <resource>
      <extension url="http://hl7.org/fhir/tools/StructureDefinition/resource-information">
        <valueString value="StructureDefinition:resource"/>
      </extension>
      <reference>
        <reference value="StructureDefinition/VBAIVariant"/>
      </reference>
      <name value="VBAIVariant"/>
      <description value="An example profile of the Patient resource."/>
      <exampleBoolean value="false"/>
    </resource>
    <resource>
      <extension url="http://hl7.org/fhir/tools/StructureDefinition/resource-information">
        <valueString value="StructureDefinition:extension"/>
      </extension>
      <reference>
        <reference value="StructureDefinition/fhir-vrs"/>
      </reference>
      <name value="VRS"/>
      <description value="VRS representation of a variant"/>
      <exampleBoolean value="false"/>
    </resource>
    <page>
      <extension url="http://hl7.org/fhir/tools/StructureDefinition/ig-page-name">
        <valueUrl value="toc.html"/>
      </extension>
      <nameUrl value="toc.html"/>
      <title value="Table of Contents"/>
      <generation value="html"/>
      <page>
        <extension url="http://hl7.org/fhir/tools/StructureDefinition/ig-page-name">
          <valueUrl value="index.html"/>
        </extension>
        <nameUrl value="index.html"/>
        <title value="Home"/>
        <generation value="markdown"/>
      </page>
    </page>
    <parameter>
      <code value="path-resource"/>
      <value value="input/capabilities"/>
    </parameter>
    <parameter>
      <code value="path-resource"/>
      <value value="input/examples"/>
    </parameter>
    <parameter>
      <code value="path-resource"/>
      <value value="input/extensions"/>
    </parameter>
    <parameter>
      <code value="path-resource"/>
      <value value="input/models"/>
    </parameter>
    <parameter>
      <code value="path-resource"/>
      <value value="input/operations"/>
    </parameter>
    <parameter>
      <code value="path-resource"/>
      <value value="input/profiles"/>
    </parameter>
    <parameter>
      <code value="path-resource"/>
      <value value="input/resources"/>
    </parameter>
    <parameter>
      <code value="path-resource"/>
      <value value="input/vocabulary"/>
    </parameter>
    <parameter>
      <code value="path-resource"/>
      <value value="input/maps"/>
    </parameter>
    <parameter>
      <code value="path-resource"/>
      <value value="input/testing"/>
    </parameter>
    <parameter>
      <code value="path-resource"/>
      <value value="input/history"/>
    </parameter>
    <parameter>
      <code value="path-resource"/>
      <value value="fsh-generated/resources"/>
    </parameter>
    <parameter>
      <code value="path-pages"/>
      <value value="template/config"/>
    </parameter>
    <parameter>
      <code value="path-pages"/>
      <value value="input/images"/>
    </parameter>
    <parameter>
      <code value="path-tx-cache"/>
      <value value="input-cache/txcache"/>
    </parameter>
  </definition>
</ImplementationGuide>