{
  "resourceType" : "ImplementationGuide",
  "id" : "konglab.fhir.vbai.genomics",
  "text" : {
    "status" : "extensions",
    "div" : "<div xmlns=\"http://www.w3.org/1999/xhtml\">Placeholder</div>"
  },
  "url" : "https://voicecollab.ai/fhir/genomics/ImplementationGuide/konglab.fhir.vbai.genomics",
  "version" : "0.1.0",
  "name" : "VoiceBiomarkerforAIgenomics",
  "status" : "draft",
  "date" : "2023-08-29T12:49:28+00:00",
  "publisher" : "Kong Lab",
  "contact" : [{
    "name" : "Kong Lab",
    "telecom" : [{
      "system" : "url",
      "value" : "http://example.org/example-publisher"
    }]
  }],
  "description" : "Implementation Guide for Voice Biomarker for AI FHIR Genomics Profiles",
  "packageId" : "konglab.fhir.vbai.genomics",
  "license" : "CC0-1.0",
  "fhirVersion" : ["4.0.1"],
  "dependsOn" : [{
    "id" : "hl7tx",
    "extension" : [{
      "url" : "http://hl7.org/fhir/tools/StructureDefinition/implementationguide-dependency-comment",
      "valueMarkdown" : "Automatically added as a dependency - all IGs depend on HL7 Terminology"
    }],
    "uri" : "http://terminology.hl7.org/ImplementationGuide/hl7.terminology",
    "packageId" : "hl7.terminology.r4",
    "version" : "5.0.0"
  },
  {
    "id" : "hl7ext",
    "extension" : [{
      "url" : "http://hl7.org/fhir/tools/StructureDefinition/implementationguide-dependency-comment",
      "valueMarkdown" : "Automatically added as a dependency - all IGs depend on the HL7 Extension Pack"
    }],
    "uri" : "http://hl7.org/fhir/extensions/ImplementationGuide/hl7.fhir.uv.extensions",
    "packageId" : "hl7.fhir.uv.extensions.r4",
    "version" : "1.0.0"
  },
  {
    "id" : "hl7_fhir_us_core",
    "uri" : "http://hl7.org/fhir/us/core/ImplementationGuide/hl7.fhir.us.core",
    "packageId" : "hl7.fhir.us.core",
    "version" : "5.0.1"
  },
  {
    "id" : "hl7_fhir_uv_genomics_reporting",
    "uri" : "http://hl7.org/fhir/uv/genomics-reporting/ImplementationGuide/hl7.fhir.uv.genomics-reporting",
    "packageId" : "hl7.fhir.uv.genomics-reporting",
    "version" : "2.0.0"
  }],
  "definition" : {
    "extension" : [{
      "extension" : [{
        "url" : "code",
        "valueString" : "copyrightyear"
      },
      {
        "url" : "value",
        "valueString" : "2023+"
      }],
      "url" : "http://hl7.org/fhir/tools/StructureDefinition/ig-parameter"
    },
    {
      "extension" : [{
        "url" : "code",
        "valueString" : "releaselabel"
      },
      {
        "url" : "value",
        "valueString" : "ci-build"
      }],
      "url" : "http://hl7.org/fhir/tools/StructureDefinition/ig-parameter"
    },
    {
      "extension" : [{
        "url" : "code",
        "valueString" : "autoload-resources"
      },
      {
        "url" : "value",
        "valueString" : "true"
      }],
      "url" : "http://hl7.org/fhir/tools/StructureDefinition/ig-parameter"
    },
    {
      "extension" : [{
        "url" : "code",
        "valueString" : "path-liquid"
      },
      {
        "url" : "value",
        "valueString" : "template/liquid"
      }],
      "url" : "http://hl7.org/fhir/tools/StructureDefinition/ig-parameter"
    },
    {
      "extension" : [{
        "url" : "code",
        "valueString" : "path-liquid"
      },
      {
        "url" : "value",
        "valueString" : "input/liquid"
      }],
      "url" : "http://hl7.org/fhir/tools/StructureDefinition/ig-parameter"
    },
    {
      "extension" : [{
        "url" : "code",
        "valueString" : "path-qa"
      },
      {
        "url" : "value",
        "valueString" : "temp/qa"
      }],
      "url" : "http://hl7.org/fhir/tools/StructureDefinition/ig-parameter"
    },
    {
      "extension" : [{
        "url" : "code",
        "valueString" : "path-temp"
      },
      {
        "url" : "value",
        "valueString" : "temp/pages"
      }],
      "url" : "http://hl7.org/fhir/tools/StructureDefinition/ig-parameter"
    },
    {
      "extension" : [{
        "url" : "code",
        "valueString" : "path-output"
      },
      {
        "url" : "value",
        "valueString" : "output"
      }],
      "url" : "http://hl7.org/fhir/tools/StructureDefinition/ig-parameter"
    },
    {
      "extension" : [{
        "url" : "code",
        "valueString" : "path-suppressed-warnings"
      },
      {
        "url" : "value",
        "valueString" : "input/ignoreWarnings.txt"
      }],
      "url" : "http://hl7.org/fhir/tools/StructureDefinition/ig-parameter"
    },
    {
      "extension" : [{
        "url" : "code",
        "valueString" : "path-history"
      },
      {
        "url" : "value",
        "valueString" : "https://voicecollab.ai/fhir/genomics/history.html"
      }],
      "url" : "http://hl7.org/fhir/tools/StructureDefinition/ig-parameter"
    },
    {
      "extension" : [{
        "url" : "code",
        "valueString" : "template-html"
      },
      {
        "url" : "value",
        "valueString" : "template-page.html"
      }],
      "url" : "http://hl7.org/fhir/tools/StructureDefinition/ig-parameter"
    },
    {
      "extension" : [{
        "url" : "code",
        "valueString" : "template-md"
      },
      {
        "url" : "value",
        "valueString" : "template-page-md.html"
      }],
      "url" : "http://hl7.org/fhir/tools/StructureDefinition/ig-parameter"
    },
    {
      "extension" : [{
        "url" : "code",
        "valueString" : "apply-contact"
      },
      {
        "url" : "value",
        "valueString" : "true"
      }],
      "url" : "http://hl7.org/fhir/tools/StructureDefinition/ig-parameter"
    },
    {
      "extension" : [{
        "url" : "code",
        "valueString" : "apply-context"
      },
      {
        "url" : "value",
        "valueString" : "true"
      }],
      "url" : "http://hl7.org/fhir/tools/StructureDefinition/ig-parameter"
    },
    {
      "extension" : [{
        "url" : "code",
        "valueString" : "apply-copyright"
      },
      {
        "url" : "value",
        "valueString" : "true"
      }],
      "url" : "http://hl7.org/fhir/tools/StructureDefinition/ig-parameter"
    },
    {
      "extension" : [{
        "url" : "code",
        "valueString" : "apply-jurisdiction"
      },
      {
        "url" : "value",
        "valueString" : "true"
      }],
      "url" : "http://hl7.org/fhir/tools/StructureDefinition/ig-parameter"
    },
    {
      "extension" : [{
        "url" : "code",
        "valueString" : "apply-license"
      },
      {
        "url" : "value",
        "valueString" : "true"
      }],
      "url" : "http://hl7.org/fhir/tools/StructureDefinition/ig-parameter"
    },
    {
      "extension" : [{
        "url" : "code",
        "valueString" : "apply-publisher"
      },
      {
        "url" : "value",
        "valueString" : "true"
      }],
      "url" : "http://hl7.org/fhir/tools/StructureDefinition/ig-parameter"
    },
    {
      "extension" : [{
        "url" : "code",
        "valueString" : "apply-version"
      },
      {
        "url" : "value",
        "valueString" : "true"
      }],
      "url" : "http://hl7.org/fhir/tools/StructureDefinition/ig-parameter"
    },
    {
      "extension" : [{
        "url" : "code",
        "valueString" : "active-tables"
      },
      {
        "url" : "value",
        "valueString" : "true"
      }],
      "url" : "http://hl7.org/fhir/tools/StructureDefinition/ig-parameter"
    },
    {
      "extension" : [{
        "url" : "code",
        "valueString" : "fmm-definition"
      },
      {
        "url" : "value",
        "valueString" : "http://hl7.org/fhir/versions.html#maturity"
      }],
      "url" : "http://hl7.org/fhir/tools/StructureDefinition/ig-parameter"
    },
    {
      "extension" : [{
        "url" : "code",
        "valueString" : "propagate-status"
      },
      {
        "url" : "value",
        "valueString" : "true"
      }],
      "url" : "http://hl7.org/fhir/tools/StructureDefinition/ig-parameter"
    },
    {
      "extension" : [{
        "url" : "code",
        "valueString" : "excludelogbinaryformat"
      },
      {
        "url" : "value",
        "valueString" : "true"
      }],
      "url" : "http://hl7.org/fhir/tools/StructureDefinition/ig-parameter"
    },
    {
      "extension" : [{
        "url" : "code",
        "valueString" : "tabbed-snapshots"
      },
      {
        "url" : "value",
        "valueString" : "true"
      }],
      "url" : "http://hl7.org/fhir/tools/StructureDefinition/ig-parameter"
    },
    {
      "url" : "http://hl7.org/fhir/tools/StructureDefinition/ig-internal-dependency",
      "valueCode" : "hl7.fhir.uv.tools#current"
    },
    {
      "extension" : [{
        "url" : "code",
        "valueCode" : "copyrightyear"
      },
      {
        "url" : "value",
        "valueString" : "2023+"
      }],
      "url" : "http://hl7.org/fhir/tools/StructureDefinition/ig-parameter"
    },
    {
      "extension" : [{
        "url" : "code",
        "valueCode" : "releaselabel"
      },
      {
        "url" : "value",
        "valueString" : "ci-build"
      }],
      "url" : "http://hl7.org/fhir/tools/StructureDefinition/ig-parameter"
    },
    {
      "extension" : [{
        "url" : "code",
        "valueCode" : "autoload-resources"
      },
      {
        "url" : "value",
        "valueString" : "true"
      }],
      "url" : "http://hl7.org/fhir/tools/StructureDefinition/ig-parameter"
    },
    {
      "extension" : [{
        "url" : "code",
        "valueCode" : "path-liquid"
      },
      {
        "url" : "value",
        "valueString" : "template/liquid"
      }],
      "url" : "http://hl7.org/fhir/tools/StructureDefinition/ig-parameter"
    },
    {
      "extension" : [{
        "url" : "code",
        "valueCode" : "path-liquid"
      },
      {
        "url" : "value",
        "valueString" : "input/liquid"
      }],
      "url" : "http://hl7.org/fhir/tools/StructureDefinition/ig-parameter"
    },
    {
      "extension" : [{
        "url" : "code",
        "valueCode" : "path-qa"
      },
      {
        "url" : "value",
        "valueString" : "temp/qa"
      }],
      "url" : "http://hl7.org/fhir/tools/StructureDefinition/ig-parameter"
    },
    {
      "extension" : [{
        "url" : "code",
        "valueCode" : "path-temp"
      },
      {
        "url" : "value",
        "valueString" : "temp/pages"
      }],
      "url" : "http://hl7.org/fhir/tools/StructureDefinition/ig-parameter"
    },
    {
      "extension" : [{
        "url" : "code",
        "valueCode" : "path-output"
      },
      {
        "url" : "value",
        "valueString" : "output"
      }],
      "url" : "http://hl7.org/fhir/tools/StructureDefinition/ig-parameter"
    },
    {
      "extension" : [{
        "url" : "code",
        "valueCode" : "path-suppressed-warnings"
      },
      {
        "url" : "value",
        "valueString" : "input/ignoreWarnings.txt"
      }],
      "url" : "http://hl7.org/fhir/tools/StructureDefinition/ig-parameter"
    },
    {
      "extension" : [{
        "url" : "code",
        "valueCode" : "path-history"
      },
      {
        "url" : "value",
        "valueString" : "https://voicecollab.ai/fhir/genomics/history.html"
      }],
      "url" : "http://hl7.org/fhir/tools/StructureDefinition/ig-parameter"
    },
    {
      "extension" : [{
        "url" : "code",
        "valueCode" : "template-html"
      },
      {
        "url" : "value",
        "valueString" : "template-page.html"
      }],
      "url" : "http://hl7.org/fhir/tools/StructureDefinition/ig-parameter"
    },
    {
      "extension" : [{
        "url" : "code",
        "valueCode" : "template-md"
      },
      {
        "url" : "value",
        "valueString" : "template-page-md.html"
      }],
      "url" : "http://hl7.org/fhir/tools/StructureDefinition/ig-parameter"
    },
    {
      "extension" : [{
        "url" : "code",
        "valueCode" : "apply-contact"
      },
      {
        "url" : "value",
        "valueString" : "true"
      }],
      "url" : "http://hl7.org/fhir/tools/StructureDefinition/ig-parameter"
    },
    {
      "extension" : [{
        "url" : "code",
        "valueCode" : "apply-context"
      },
      {
        "url" : "value",
        "valueString" : "true"
      }],
      "url" : "http://hl7.org/fhir/tools/StructureDefinition/ig-parameter"
    },
    {
      "extension" : [{
        "url" : "code",
        "valueCode" : "apply-copyright"
      },
      {
        "url" : "value",
        "valueString" : "true"
      }],
      "url" : "http://hl7.org/fhir/tools/StructureDefinition/ig-parameter"
    },
    {
      "extension" : [{
        "url" : "code",
        "valueCode" : "apply-jurisdiction"
      },
      {
        "url" : "value",
        "valueString" : "true"
      }],
      "url" : "http://hl7.org/fhir/tools/StructureDefinition/ig-parameter"
    },
    {
      "extension" : [{
        "url" : "code",
        "valueCode" : "apply-license"
      },
      {
        "url" : "value",
        "valueString" : "true"
      }],
      "url" : "http://hl7.org/fhir/tools/StructureDefinition/ig-parameter"
    },
    {
      "extension" : [{
        "url" : "code",
        "valueCode" : "apply-publisher"
      },
      {
        "url" : "value",
        "valueString" : "true"
      }],
      "url" : "http://hl7.org/fhir/tools/StructureDefinition/ig-parameter"
    },
    {
      "extension" : [{
        "url" : "code",
        "valueCode" : "apply-version"
      },
      {
        "url" : "value",
        "valueString" : "true"
      }],
      "url" : "http://hl7.org/fhir/tools/StructureDefinition/ig-parameter"
    },
    {
      "extension" : [{
        "url" : "code",
        "valueCode" : "active-tables"
      },
      {
        "url" : "value",
        "valueString" : "true"
      }],
      "url" : "http://hl7.org/fhir/tools/StructureDefinition/ig-parameter"
    },
    {
      "extension" : [{
        "url" : "code",
        "valueCode" : "fmm-definition"
      },
      {
        "url" : "value",
        "valueString" : "http://hl7.org/fhir/versions.html#maturity"
      }],
      "url" : "http://hl7.org/fhir/tools/StructureDefinition/ig-parameter"
    },
    {
      "extension" : [{
        "url" : "code",
        "valueCode" : "propagate-status"
      },
      {
        "url" : "value",
        "valueString" : "true"
      }],
      "url" : "http://hl7.org/fhir/tools/StructureDefinition/ig-parameter"
    },
    {
      "extension" : [{
        "url" : "code",
        "valueCode" : "excludelogbinaryformat"
      },
      {
        "url" : "value",
        "valueString" : "true"
      }],
      "url" : "http://hl7.org/fhir/tools/StructureDefinition/ig-parameter"
    },
    {
      "extension" : [{
        "url" : "code",
        "valueCode" : "tabbed-snapshots"
      },
      {
        "url" : "value",
        "valueString" : "true"
      }],
      "url" : "http://hl7.org/fhir/tools/StructureDefinition/ig-parameter"
    }],
    "resource" : [{
      "extension" : [{
        "url" : "http://hl7.org/fhir/tools/StructureDefinition/resource-information",
        "valueString" : "StructureDefinition:resource"
      }],
      "reference" : {
        "reference" : "StructureDefinition/VBAIVariant"
      },
      "name" : "VBAIVariant",
      "description" : "An example profile of the Patient resource.",
      "exampleBoolean" : false
    },
    {
      "extension" : [{
        "url" : "http://hl7.org/fhir/tools/StructureDefinition/resource-information",
        "valueString" : "StructureDefinition:extension"
      }],
      "reference" : {
        "reference" : "StructureDefinition/fhir-vrs"
      },
      "name" : "VRS",
      "description" : "VRS representation of a variant",
      "exampleBoolean" : false
    }],
    "page" : {
      "extension" : [{
        "url" : "http://hl7.org/fhir/tools/StructureDefinition/ig-page-name",
        "valueUrl" : "toc.html"
      }],
      "nameUrl" : "toc.html",
      "title" : "Table of Contents",
      "generation" : "html",
      "page" : [{
        "extension" : [{
          "url" : "http://hl7.org/fhir/tools/StructureDefinition/ig-page-name",
          "valueUrl" : "index.html"
        }],
        "nameUrl" : "index.html",
        "title" : "Home",
        "generation" : "markdown"
      }]
    },
    "parameter" : [{
      "code" : "path-resource",
      "value" : "input/capabilities"
    },
    {
      "code" : "path-resource",
      "value" : "input/examples"
    },
    {
      "code" : "path-resource",
      "value" : "input/extensions"
    },
    {
      "code" : "path-resource",
      "value" : "input/models"
    },
    {
      "code" : "path-resource",
      "value" : "input/operations"
    },
    {
      "code" : "path-resource",
      "value" : "input/profiles"
    },
    {
      "code" : "path-resource",
      "value" : "input/resources"
    },
    {
      "code" : "path-resource",
      "value" : "input/vocabulary"
    },
    {
      "code" : "path-resource",
      "value" : "input/maps"
    },
    {
      "code" : "path-resource",
      "value" : "input/testing"
    },
    {
      "code" : "path-resource",
      "value" : "input/history"
    },
    {
      "code" : "path-resource",
      "value" : "fsh-generated/resources"
    },
    {
      "code" : "path-pages",
      "value" : "template/config"
    },
    {
      "code" : "path-pages",
      "value" : "input/images"
    },
    {
      "code" : "path-tx-cache",
      "value" : "input-cache/txcache"
    }]
  }
}